gene,SHAP_LR,SHAP_LGBM,SHAP_XGB,auc_weighted_score
ENSG00000142856,0.24706040912360894,1.0117943202969562,0.51973414,0.9852795546575477
ENSG00000033170,0.22920428056595912,0.49736610997538366,0.2663146,0.6214430282863297
ENSG00000166428,0.19919548507085957,0.599318606817102,0.26793116,0.6213847494093059
ENSG00000130202,0.21345801072772297,0.4978789258114612,0.26669705,0.6028645038530541
ENSG00000137216,0.25925721460617235,0.3745384834703324,0.1737521,0.5550988209375927
ENSG00000243753,0.13997021220142805,0.33242001927170467,0.3599432,0.5179641587118139
ENSG00000101162,0.0019379032886133387,0.6925099673679613,0.41035786,0.5082185990495762
ENSG00000164292,0.1886947155810661,0.2766237689269717,0.21311937,0.46187530825005607
ENSG00000177868,0.20444664239791005,0.2481512806986765,0.19216524,0.4574269048439893
ENSG00000272888,0.0857198530822136,0.5664013650568129,0.24296588,0.4568258409243302
ENSG00000129757,0.0,0.3988107573385695,0.3262331,0.34992538651664995
ENSG00000075234,0.14500426883153134,0.28595571387858276,0.06456686,0.3155495352498696
ENSG00000011258,0.015136946129514457,0.4061536082040981,0.23453417,0.31096441050012896
ENSG00000279928,0.14032721057476424,0.14160139224761703,0.14179969,0.3105290992008686
ENSG00000120802,0.13018365980571475,0.17811939047401673,0.1303649,0.3034094703377345
ENSG00000173848,0.21748219266918817,0.013047644149529754,0.04998857,0.29955076132128167
ENSG00000188921,0.12347708446059939,0.17956709195164536,0.12248897,0.2906811525419255
ENSG00000158481,0.0060608664119140895,0.5581791927294553,0.119392924,0.2773234029554596
ENSG00000121879,0.08791059459652589,0.22186479388376842,0.14492571,0.27694189820260173
ENSG00000189308,0.21529701774338117,0.007128783914080939,0.018573768,0.27440296565649414
ENSG00000204613,0.17671553459883158,0.0552065814994929,0.061206173,0.27217630483015604
ENSG00000163631,0.17836242592119644,0.07184809684930711,0.049276236,0.2721197646805743
ENSG00000160145,0.13630856615633435,0.1696253996001932,0.066180795,0.26604938457873856
ENSG00000102225,0.19443392756432124,0.01879823683992672,0.03202911,0.26200991204628277
ENSG00000012779,0.02177681261031475,0.2900005168639687,0.20760028,0.2614298841644111
ENSG00000216863,0.10265184784302848,0.11206237153802337,0.14414601,0.2564159603403646
ENSG00000110955,0.0,0.3790723445720418,0.19139221,0.2552556121134625
ENSG00000097046,0.1769532667526595,0.0,0.05217039,0.24756504123996578
ENSG00000222032,0.10660327837215532,0.1184357936698177,0.11581017,0.2449137016507788
ENSG00000226777,0.1663219373345136,0.014884355258452423,0.04956096,0.23815872661693666
ENSG00000178104,0.09751459073589443,0.12027486075222352,0.120362155,0.23754417192219004
ENSG00000151748,0.0,0.3061096855973077,0.2025363,0.2373941487283615
ENSG00000205593,0.16461884041956096,0.07026384798174522,0.019500518,0.23558274122754094
ENSG00000169877,0.15452775948213074,0.07782334636555384,0.03308897,0.23486206410866792
ENSG00000186314,0.12690139014861043,0.12179537480802764,0.06089364,0.23478052520809048
ENSG00000115419,0.07666017568751309,0.15921014305753622,0.13170356,0.23317264710293858
ENSG00000108100,0.03881626811087476,0.22922062926124048,0.15845859,0.22904147175376477
ENSG00000185515,0.07711581472792832,0.212063041336657,0.0963136,0.2288589207669675
ENSG00000087077,0.17077830892025359,0.021747194922615398,0.017074807,0.224729732124666
ENSG00000132953,0.0,0.2590166210951746,0.2022642,0.22100087715940195
ENSG00000172757,0.026273458212656812,0.3163782030674288,0.12098843,0.21949657846125223
ENSG00000111196,0.10210723341779765,0.08666076555804215,0.10057996,0.2186207968817201
ENSG00000110172,0.0646828110393867,0.16745497219876176,0.12360442,0.21627800802215202
ENSG00000115415,0.11247008299376447,0.15500690615280427,0.029662384,0.20844646141886963
ENSG00000166483,0.07751879050490199,0.12914971117567423,0.105377376,0.20670171260737794
ENSG00000149243,0.09058632660695325,0.05567128844634203,0.099789254,0.19352994287214975
ENSG00000196865,0.06732954310101619,0.07426812274680546,0.13247651,0.19316633064653682
ENSG00000173218,0.13263765323556273,0.029370378735056553,0.034626123,0.19276019120748145
ENSG00000119514,0.1036982363488757,0.03384337874735779,0.079677105,0.18873196791328314
ENSG00000170323,0.11325316025313178,0.05418896360360475,0.050446343,0.1882205658596835
ENSG00000153064,0.11400227548963883,0.06817782124680144,0.034704246,0.18368277304543765
ENSG00000175063,0.10238510783206052,0.07483300828761978,0.05163825,0.1829890852839247
ENSG00000031003,0.032638866494125195,0.186739991143779,0.12089202,0.18247681101574756
ENSG00000156599,0.11784852006004974,0.050280657573168755,0.028881434,0.17836755442245356
ENSG00000151687,0.12324123328180167,0.05178702035025188,0.017554298,0.1780131053316688
ENSG00000165949,0.05571237403692796,0.17569695872344476,0.074675396,0.17640347545654553
ENSG00000139626,0.07736967250289623,0.09048393524969614,0.062263384,0.16511110997334394
ENSG00000072062,0.0560501439798151,0.17433341065621524,0.057043996,0.1648515811142532
ENSG00000137076,0.0,0.24296832075902983,0.120926,0.16246835818211885
ENSG00000214026,0.09253054779217158,0.03826556466295954,0.057010002,0.16200460896751132
ENSG00000152270,0.09101869146582761,0.014549023396002857,0.067891836,0.1591048893487336
ENSG00000132603,0.07654707888100706,0.0,0.095289215,0.1544834944704551
ENSG00000001036,0.08299923062411925,0.026068242142419432,0.0679421,0.15342538700330813
ENSG00000249307,0.024858805907865027,0.19121523803441523,0.08564216,0.151656356201923
ENSG00000169251,0.12053845186062526,0.012881302787650274,0.0,0.14991457678182188
ENSG00000102781,0.09088562478882699,0.027388997589851874,0.04389887,0.14772985372669006
ENSG00000158457,0.0348575233794673,0.25189000921327054,0.025989076,0.14574184413444097
ENSG00000174917,0.06265977456048553,0.01784028930049307,0.09733001,0.14519580799024834
ENSG00000133104,0.11638210124750421,0.006631959366282144,0.0,0.14274634735439554
ENSG00000120837,0.0752064365418416,0.03940803899717146,0.058919083,0.14273347293797636
ENSG00000136878,0.11095501317960417,0.0,0.009910818,0.14037138360017892
ENSG00000183722,0.05711315275031372,0.1705678853100896,0.019300215,0.1402410600095914
ENSG00000138735,0.0,0.16014600513359825,0.12687176,0.13782419094952514
ENSG00000074964,0.04705111887070731,0.12979465261241627,0.053518187,0.13635646794444053
ENSG00000116675,0.11226793054653558,0.0,0.0,0.13549727592750252
ENSG00000100079,0.07950053304473183,0.007464563576480761,0.055862304,0.13492465445073865
ENSG00000204525,0.10838207586180573,0.010129480593513325,0.0,0.13429536835598574
ENSG00000162402,0.0930393937042236,0.0,0.028765226,0.13103588384479897
ENSG00000015475,0.0154659629784147,0.1290445074269782,0.104231045,0.13102627471113276
ENSG00000103175,0.08172883527279659,0.009866885218298368,0.04381204,0.13058831343183033
ENSG00000053770,0.1058991685870658,0.0,0.0,0.12781075411902257
ENSG00000149932,0.10264953161664371,0.009377100945900692,0.0,0.12711763081517655
ENSG00000167470,0.10519381608582386,0.0,0.0,0.12695945720794857
ENSG00000157764,0.1040161772502854,0.004049954776707539,0.0,0.12693270809443485
ENSG00000143369,0.0,0.16435690487490962,0.10396125,0.1243438463004037
ENSG00000173992,0.07874974385784336,0.0203489656003816,0.032708295,0.1233661135136573
ENSG00000163947,0.10219805527853876,0.0,0.0,0.12334384385566316
ENSG00000198502,0.0906389729575264,0.008003222506747626,0.012085475,0.120024750446527
ENSG00000117009,0.08273712171246879,0.017964968643103787,0.016353719,0.11669966808348521
ENSG00000136807,0.06805983905834484,0.023269244524405805,0.040506426,0.11655181069454672
ENSG00000174788,0.08043299618764267,0.0,0.029266749,0.11614793087184205
ENSG00000132386,0.08575635328630202,0.005757180151931969,0.015572855,0.11563112561600239
ENSG00000253409,0.045782646065324666,0.15103958190877959,0.010002109,0.11378242632822376
ENSG00000070413,0.09367710634370796,0.0018773860445228186,0.0,0.11370628235690007
ENSG00000215305,0.09240799545433666,0.004439597879432811,0.0,0.11305684772991656
ENSG00000196449,0.09253523230397666,0.0,0.0,0.11168168722331885
ENSG00000115457,0.03643934838417319,0.04774029935847255,0.07704496,0.11062647562500917
ENSG00000069535,0.030335519655822683,0.047904481485072974,0.08580311,0.10902375051095894
ENSG00000175471,5.548009790377744e-05,0.14437478447462287,0.08948365,0.10809543286853499
ENSG00000213341,0.08613366470457903,0.005079677657201811,0.0,0.10570469991303759
