model,prog_youden,TN,FP,FN,TP,czulosc,swoistosc,dokladnosc
"
        'logreg_elasticnet': {
            'estimator': LogisticRegression(
                penalty='elasticnet', solver='saga',
                max_iter=20000, class_weight='balanced',
                random_state=seed,
            ),
            'param_grid': {
                'C':        [0.01, 0.05, 0.1, 0.5, 1.0, 5.0, 10.0],
                'l1_ratio': [0.1, 0.3, 0.5, 0.7, 0.9],
            },
        },
        'xgboost': {
            'estimator': XGBClassifier(
                objective='binary:logistic', eval_metric='logloss',
                tree_method='hist', random_state=seed, n_jobs=1,
                verbosity=0,
            ),
            'param_grid': {
                'n_estimators':     [200, 400],
                'max_depth':        [1, 2, 3],
                'learning_rate':    [0.01, 0.03, 0.1],
                'min_child_weight': [1, 5, 10],
                'reg_lambda':       [1.0, 5.0, 10.0],
                'subsample':        [0.8],
                'colsample_bytree': [0.8],
            },
        },
        'svm_rbf': {
            'estimator': SVC(
                kernel='rbf', probability=True, class_weight='balanced',
                random_state=seed,
            ),
            'param_grid': {
                'C':     [0.1, 1.0, 10.0, 100.0],
                'gamma': ['scale', 0.001, 0.01, 0.1],
            },
        },
        mlp",0.1422,119,65,8,35,0.814,0.6467,0.6784
stacking,0.282,119,65,8,35,0.814,0.6467,0.6784
