model,youden_threshold,true_group,pred_Asymptomatic controls,pred_Pancreatic cancer
logreg_elasticnet,0.4702,Asymptomatic controls,129,31
logreg_elasticnet,0.4702,Pancreatic diseases,14,10
logreg_elasticnet,0.4702,Pancreatic cancer,11,32
svm_rbf,0.2171,Asymptomatic controls,127,33
svm_rbf,0.2171,Pancreatic diseases,13,11
svm_rbf,0.2171,Pancreatic cancer,13,30
xgboost,0.7035,Asymptomatic controls,153,7
xgboost,0.7035,Pancreatic diseases,19,5
xgboost,0.7035,Pancreatic cancer,29,14
stacking,0.579,Asymptomatic controls,141,19
stacking,0.579,Pancreatic diseases,15,9
stacking,0.579,Pancreatic cancer,17,26
